month,sentiment_score,positive_count,review_count,negative_count,neutral_count,sentiment_score_normalized,ampara_sentiment,anuradhapura_sentiment,badulla_sentiment,colombo_sentiment,galle_sentiment,gampaha_sentiment,jaffna_sentiment,kalutara_sentiment,kandy_sentiment,matale_sentiment,nuwara_eliya_sentiment,other_sentiment,polonnaruwa_sentiment,trincomalee_sentiment,ampara_reviews,anuradhapura_reviews,badulla_reviews,colombo_reviews,galle_reviews,gampaha_reviews,jaffna_reviews,kalutara_reviews,kandy_reviews,matale_reviews,nuwara_eliya_reviews,other_reviews,polonnaruwa_reviews,trincomalee_reviews,unrest_score,terror_score,economic_score,disaster_score,disease_score,crime_score,diplomacy_score,composite_crisis_score,tone_crisis_score,total_articles
2015-01,0.7339449541284404,89.0,109.0,9.0,11.0,86.69724770642202,0.7339449541284404,0.8857142857142857,1.0,-0.1666666666666666,1.0,0.7339449541284404,0.8333333333333334,0.875,0.7333333333333333,0.1666666666666666,1.0,0.5714285714285714,0.7339449541284404,0.7339449541284404,,35.0,4.0,6.0,6.0,,12.0,8.0,15.0,6.0,1.0,14.0,,,0.0,0.0,0.0,0.0,0.0,0.0,0.0,0.0,52.1868165086796,2749
2015-02,0.7096774193548387,73.0,93.0,7.0,13.0,85.48387096774194,1.0,0.6956521739130435,1.0,0.7096774193548387,1.0,0.7096774193548387,0.5833333333333334,0.9,0.5294117647058824,1.0,1.0,0.5833333333333334,0.7096774193548387,0.5,1.0,23.0,2.0,,4.0,,12.0,10.0,17.0,5.0,3.0,12.0,,2.0,8.112272307988606,4.763318909219029,24.757092236779517,20.35471378327709,21.094706698735862,10.173966237027656,27.04467316043577,16.614391904780508,57.98846564030576,72726
2015-03,0.6923076923076923,48.0,65.0,3.0,14.0,84.61538461538461,1.0,0.7058823529411765,1.0,-1.0,1.0,0.6923076923076923,0.75,0.6666666666666666,0.5555555555555556,0.25,1.0,1.0,0.6923076923076923,0.0,1.0,17.0,1.0,2.0,10.0,,4.0,3.0,9.0,4.0,6.0,6.0,,2.0,28.74063637192989,17.32594082646497,100.0,61.7378055473836,75.44257374135734,31.997016495133025,83.20114137369329,56.9207306222803,56.26368190600324,254124
2015-04,0.7323943661971831,56.0,71.0,4.0,11.0,86.61971830985915,1.0,0.7368421052631579,0.8333333333333334,1.0,0.6666666666666666,0.7323943661971831,1.0,1.0,0.4,1.0,1.0,0.1428571428571428,0.7323943661971831,0.8571428571428571,2.0,19.0,6.0,2.0,9.0,,3.0,1.0,5.0,2.0,6.0,7.0,,7.0,17.23059612986934,13.512375304830185,59.41558325814916,54.04209495624522,47.425567857120434,20.67418624368152,60.45316653980655,38.96479575567177,58.081408399767,168122
2015-05,0.5660377358490566,34.0,53.0,4.0,15.0,78.30188679245282,0.5660377358490566,0.6363636363636364,0.6,0.2,1.0,0.5660377358490566,1.0,0.25,0.5,0.75,0.25,0.75,0.5660377358490566,0.5,,11.0,5.0,5.0,3.0,,2.0,4.0,6.0,4.0,4.0,4.0,,4.0,19.19505742349447,15.96564785732108,62.92292901729921,52.332742033923566,50.44430070522925,25.053928460275387,51.69003467510928,39.65780573895032,60.73818905605979,178399
2015-06,0.62,36.0,50.0,5.0,9.0,81.0,0.0,0.8,1.0,0.5,1.0,0.62,1.0,0.0,0.8,0.0,0.0,1.0,0.62,0.6,2.0,10.0,2.0,4.0,3.0,,4.0,4.0,5.0,2.0,4.0,4.0,,5.0,12.684865133346172,10.247830352485916,44.62111932912814,37.57206461556026,41.823925043488096,20.10431535002522,46.81823697477136,30.553193828400737,58.4626186761796,139493
2015-07,0.6629213483146067,67.0,89.0,8.0,14.0,83.14606741573034,0.5,0.5714285714285714,0.0,0.25,1.0,0.6629213483146067,0.9,-1.0,0.8571428571428571,0.4285714285714285,0.8888888888888888,0.8888888888888888,0.6629213483146067,1.0,4.0,21.0,3.0,8.0,4.0,,10.0,1.0,7.0,7.0,9.0,9.0,,4.0,14.405542659625151,14.552841252624196,43.466348599512216,47.06066380676796,46.66695972720251,28.055141179879588,61.846642618393545,36.57916283485788,58.889937694849046,156841
2015-08,0.6548672566371682,85.0,113.0,11.0,17.0,82.74336283185842,0.75,0.7307692307692307,0.6548672566371682,0.7,1.0,0.6548672566371682,0.5714285714285714,0.8571428571428571,0.7222222222222222,0.125,0.5555555555555556,0.7272727272727273,0.6548672566371682,0.2857142857142857,4.0,26.0,,10.0,5.0,,7.0,7.0,18.0,8.0,9.0,11.0,,7.0,17.692315489645523,17.5263467790121,55.54728245013737,62.69950866531714,62.78675450109583,33.45925584090836,77.88728199357972,46.79982081709944,58.65284828632592,224588
2015-09,0.7563025210084033,96.0,119.0,6.0,17.0,87.81512605042016,1.0,0.8518518518518519,0.625,0.4,1.0,0.7563025210084033,0.75,0.8571428571428571,0.4666666666666667,1.0,0.9,0.8,0.7563025210084033,0.8333333333333334,1.0,27.0,8.0,10.0,7.0,,8.0,7.0,15.0,3.0,10.0,10.0,,12.0,15.999513446119224,16.29848465735841,61.159540650551406,45.13714779997095,56.14516544313892,30.070080168278256,70.02570297073389,42.119376448021576,59.21439913486574,199189
2015-10,0.6144578313253012,56.0,83.0,5.0,22.0,80.72289156626506,0.6144578313253012,0.6551724137931034,0.6666666666666666,0.4,0.5,0.6144578313253012,0.0,1.0,0.5833333333333334,0.6666666666666666,0.625,0.7692307692307693,0.6144578313253012,0.5,,29.0,3.0,5.0,2.0,,4.0,1.0,12.0,3.0,8.0,13.0,,2.0,23.41641916616829,15.031276852440245,55.42485084483231,45.767013396444206,63.21818147564353,27.79059659365308,65.73841803546937,42.34096519495015,61.13388616791069,183707
2015-11,0.7419354838709677,75.0,93.0,6.0,12.0,87.09677419354838,1.0,0.8,0.8333333333333334,0.4,1.0,0.7419354838709677,0.6363636363636364,0.0,0.5,0.4444444444444444,0.9375,1.0,0.7419354838709677,1.0,1.0,20.0,6.0,5.0,5.0,,11.0,2.0,8.0,9.0,16.0,7.0,,1.0,20.410428471511256,16.294174426729437,58.445297005300986,50.20164919845255,69.17966076149688,27.685422681076204,57.05647667060115,42.75330131645264,60.72693548845543,191453
2015-12,0.6217948717948718,110.0,156.0,13.0,33.0,81.08974358974359,0.6217948717948718,0.4117647058823529,1.0,0.7894736842105263,0.9090909090909092,0.6217948717948718,0.6666666666666666,1.0,0.5294117647058824,0.1538461538461538,0.6521739130434783,0.9375,0.6217948717948718,0.2,,34.0,8.0,19.0,11.0,,6.0,2.0,17.0,13.0,23.0,16.0,,5.0,15.851519974050458,9.716485683114216,42.70812892684612,49.07726556222467,37.23334107850464,17.853271659923372,45.91558100112882,31.1936562693989,57.87023599507612,134426
2016-01,0.7692307692307693,150.0,182.0,10.0,22.0,88.46153846153845,0.7692307692307693,0.75,0.8461538461538461,0.6470588235294118,0.75,0.7692307692307693,0.7142857142857143,0.8571428571428571,0.8,0.5555555555555556,0.90625,0.5384615384615384,0.7692307692307693,1.0,,44.0,13.0,17.0,8.0,,14.0,7.0,15.0,9.0,32.0,13.0,,6.0,8.3297010734595,8.441487828343679,54.52647017070913,41.96125525620299,45.492624294299766,23.642666266004145,67.4311370013738,35.68933455577043,56.49756344913528,156086
2016-02,0.7230769230769231,148.0,195.0,7.0,40.0,86.15384615384616,0.7230769230769231,0.8292682926829268,0.5333333333333333,0.7,1.0,0.7230769230769231,0.6923076923076923,0.6666666666666666,0.7692307692307693,0.875,0.72,0.48,0.7230769230769231,0.5,,41.0,15.0,10.0,16.0,,13.0,9.0,26.0,8.0,25.0,25.0,,6.0,15.030460300244291,6.937375512433036,52.85425362748034,39.88032781562787,32.74763091956117,20.09733952929308,66.16025579343743,33.38680621401103,54.24202345116529,151194
2016-03,0.6815642458100558,132.0,179.0,10.0,37.0,84.07821229050279,0.6815642458100558,0.75,0.3,0.8461538461538461,0.9333333333333332,0.6815642458100558,0.25,0.8,0.6842105263157895,0.5,0.6896551724137931,0.6923076923076923,0.6815642458100558,0.25,,52.0,10.0,13.0,15.0,,8.0,5.0,19.0,8.0,29.0,13.0,,4.0,17.243266803847828,8.009238920038102,43.79812973483112,44.98698117356158,38.44598371002079,21.923931357924,52.3559585801164,32.394784325762835,57.75001883636487,140453
2016-04,0.6884057971014492,102.0,138.0,7.0,29.0,84.42028985507247,1.0,0.6071428571428571,0.4615384615384615,0.9285714285714286,0.8571428571428571,0.6884057971014492,0.2857142857142857,0.5454545454545454,0.7857142857142857,0.3333333333333333,0.7222222222222222,0.8888888888888888,0.6884057971014492,0.8,1.0,28.0,13.0,14.0,14.0,,7.0,11.0,14.0,3.0,18.0,9.0,,5.0,11.666142945475556,6.957226299366474,46.877719616731824,42.6094525943261,32.84120096207588,17.079492160250698,61.00885079407102,31.29144076747108,54.23807320022465,125515
2016-05,0.6666666666666666,54.0,72.0,6.0,12.0,83.33333333333333,0.6666666666666666,0.6666666666666666,1.0,0.2,1.0,0.6666666666666666,0.6666666666666666,1.0,0.8,1.0,0.2142857142857142,0.7777777777777778,0.6666666666666666,1.0,,9.0,5.0,5.0,4.0,,6.0,3.0,10.0,3.0,14.0,9.0,,3.0,12.510009832443004,9.97082883362391,55.29358198848298,90.27111224297124,49.849597146427705,20.72248038721171,59.2575923045526,42.55360039081616,58.04726164043608,166214
2016-06,0.717391304347826,70.0,92.0,4.0,18.0,85.86956521739131,-1.0,0.9411764705882352,0.75,-0.2,1.0,0.717391304347826,1.0,0.3333333333333333,0.375,0.6666666666666666,0.7692307692307693,1.0,0.717391304347826,0.9411764705882352,1.0,17.0,8.0,5.0,5.0,,3.0,6.0,8.0,6.0,13.0,3.0,,17.0,13.983862629620994,9.679314886864352,44.70005080118767,58.99144664913253,49.64926933728547,21.643825325448866,54.47779579559702,36.16079506073384,58.05268304856149,147616
2016-07,0.7112299465240641,145.0,187.0,12.0,30.0,85.56149732620321,0.3333333333333333,0.8333333333333334,0.5714285714285714,0.5,1.0,0.7112299465240641,0.5,0.6,0.5294117647058824,0.7,0.6538461538461539,0.875,0.7112299465240641,0.6896551724137931,3.0,42.0,14.0,6.0,16.0,,4.0,10.0,17.0,10.0,26.0,8.0,,29.0,17.846897712183107,11.501277054111585,48.96114271772365,54.47294585658645,44.023135036015056,23.6947166206978,54.81564829216812,36.473680469926535,57.48333018767055,154173
2016-08,0.7449392712550608,200.0,247.0,16.0,31.0,87.24696356275304,0.5,0.896551724137931,0.8571428571428571,0.4545454545454545,1.0,0.7449392712550608,0.3333333333333333,0.4285714285714285,0.75,0.6818181818181818,0.7391304347826086,0.5555555555555556,0.7449392712550608,0.7307692307692307,6.0,58.0,28.0,11.0,16.0,,6.0,14.0,16.0,22.0,23.0,18.0,,26.0,19.148936170212764,9.070465152971666,54.926753735511056,59.02712220139,39.18072833916315,20.69404050268837,62.00895007593217,37.72242802540988,55.93308989281952,161461
2016-09,0.7085714285714285,138.0,175.0,14.0,23.0,85.42857142857143,0.5,0.84375,0.5,0.3,1.0,0.7085714285714285,0.6,0.6,0.6666666666666666,0.5,0.6190476190476191,0.8823529411764706,0.7085714285714285,0.85,2.0,32.0,12.0,10.0,13.0,,5.0,10.0,21.0,12.0,21.0,17.0,,20.0,23.093063566237216,13.175505077965743,55.943586503176014,39.66539625110319,46.34605844045743,24.070874338638536,50.79399749221369,36.15549738139883,58.97352245377894,163767
2016-10,0.7432432432432432,117.0,148.0,7.0,24.0,87.16216216216216,0.5,0.9285714285714286,0.75,0.2,0.9166666666666666,0.7432432432432432,0.6666666666666666,0.5833333333333334,0.6666666666666666,0.4615384615384615,0.6785714285714286,0.7692307692307693,0.7432432432432432,1.0,2.0,28.0,8.0,5.0,12.0,,3.0,12.0,9.0,13.0,28.0,13.0,,13.0,19.10433539780848,11.763212537472311,71.84890935538209,44.565680338270056,51.04779608010601,26.3321134590412,71.0875040907804,42.249935894122935,57.02948944792424,176148
2016-11,0.7664233576642335,112.0,137.0,7.0,18.0,88.32116788321167,0.6666666666666666,0.8529411764705882,0.8571428571428571,1.0,1.0,0.7664233576642335,0.75,-0.2222222222222222,1.0,0.5,0.8421052631578947,0.6470588235294118,0.7664233576642335,1.0,3.0,34.0,7.0,7.0,10.0,,8.0,9.0,9.0,6.0,19.0,17.0,,7.0,12.094918552907666,9.86671106072403,43.60538435662404,41.10756672974836,37.22894517046704,22.86191094559933,49.93031884185869,30.95653652256131,58.25079164113912,134527
2016-12,0.740072202166065,215.0,277.0,10.0,52.0,87.00361010830323,1.0,0.6808510638297872,0.7727272727272727,0.75,0.9130434782608696,0.740072202166065,0.8125,0.6153846153846154,0.76,0.6666666666666666,0.6379310344827587,0.7692307692307693,0.740072202166065,0.875,2.0,47.0,22.0,16.0,23.0,,16.0,13.0,25.0,9.0,58.0,26.0,,16.0,13.794816173861918,7.134024841954913,42.69448882197355,42.33239076694752,35.1660083271058,18.182745039118256,56.82224502027922,30.87524557017731,55.058918214347074,125222
2017-01,0.8062283737024222,245.0,289.0,12.0,32.0,90.31141868512113,0.3333333333333333,0.8571428571428571,0.8888888888888888,0.4,0.8095238095238095,0.8062283737024222,0.7647058823529411,0.5454545454545454,0.8387096774193549,0.375,0.8775510204081632,0.8,0.8062283737024222,0.75,3.0,56.0,36.0,5.0,21.0,,17.0,11.0,31.0,8.0,49.0,25.0,,20.0,21.52747508945496,7.88428177519814,39.04212432208556,42.79386775676513,42.560553633218,20.91351055495337,61.242935360154114,33.70924978454704,56.04938865945157,134739
2017-02,0.76,221.0,275.0,12.0,42.0,88.0,0.3333333333333333,0.7922077922077922,0.9583333333333334,1.0,1.0,0.76,0.7692307692307693,0.5384615384615384,0.7857142857142857,0.5,0.6206896551724138,0.8421052631578947,0.76,0.6842105263157895,3.0,77.0,24.0,7.0,17.0,,13.0,13.0,14.0,8.0,58.0,19.0,,19.0,18.37349092272916,10.285001148735777,43.10127681879754,38.53387750442377,34.50976205577779,18.570707992144158,56.83474718057897,31.458409089026738,55.86179402198295,134901
2017-03,0.8116591928251121,193.0,223.0,12.0,18.0,90.5829596412556,0.8116591928251121,0.8787878787878788,0.9130434782608696,0.5,1.0,0.8116591928251121,0.0,0.8333333333333334,0.5625,0.6666666666666666,0.835820895522388,0.8076923076923077,0.8116591928251121,1.0,,33.0,23.0,8.0,12.0,,4.0,12.0,16.0,9.0,67.0,26.0,,10.0,27.278947421771253,14.912765281843608,56.68160674488389,48.152774789569065,59.00627358875652,25.99459105592462,68.15560041624835,42.88322275699961,57.57254557785555,178645
2017-04,0.7807017543859649,190.0,228.0,12.0,26.0,89.03508771929825,1.0,0.8064516129032258,0.8888888888888888,0.6666666666666666,1.0,0.7807017543859649,1.0,0.5454545454545454,0.6428571428571429,0.7777777777777778,0.7692307692307693,0.6296296296296297,0.7807017543859649,0.75,3.0,31.0,27.0,6.0,20.0,,8.0,11.0,14.0,9.0,52.0,27.0,,20.0,20.99327947452181,7.901364524112971,45.26931248180592,49.25597263630252,34.49406238421493,17.263009905665438,59.00173927112403,33.4541058111068,56.82355326738626,129558
2017-05,0.7714285714285715,111.0,140.0,3.0,26.0,88.57142857142857,0.6666666666666666,0.5,0.9411764705882352,1.0,1.0,0.7714285714285715,0.5,0.6666666666666666,0.6428571428571429,0.5,0.8214285714285714,0.6666666666666666,1.0,0.9545454545454546,3.0,18.0,17.0,6.0,5.0,,4.0,6.0,14.0,8.0,28.0,6.0,1.0,22.0,19.785004003932976,8.556875470319316,62.95130702220513,89.46155163404993,41.82643699093816,16.139902767791025,80.95575338385673,45.66811875329904,54.74113921743098,170489
2017-06,0.6985294117647058,106.0,136.0,11.0,19.0,84.92647058823529,0.8571428571428571,1.0,0.9,-0.4,1.0,0.6985294117647058,0.8888888888888888,0.6666666666666666,1.0,0.7142857142857143,0.5806451612903226,0.9090909090909092,1.0,0.5454545454545454,7.0,10.0,10.0,5.0,5.0,,9.0,3.0,7.0,14.0,31.0,11.0,1.0,22.0,11.406140715436932,7.063756219682567,35.20148795212517,56.31830496120682,38.2557036906788,17.24100924027946,42.73870852684097,29.74644447232153,58.98156106786865,116481
2017-07,0.6923076923076923,131.0,169.0,14.0,24.0,84.61538461538461,0.6666666666666666,0.7222222222222222,0.9,0.5909090909090909,1.0,0.6923076923076923,0.75,-0.3333333333333333,0.5833333333333334,0.375,0.8,0.6666666666666666,1.0,0.6428571428571429,6.0,18.0,20.0,22.0,8.0,,8.0,3.0,12.0,8.0,20.0,12.0,1.0,28.0,11.80653401315723,8.981927479776514,41.4376505872849,47.84552595643402,36.15445964870416,16.806898550102492,67.20970167639263,32.89181398740742,57.97789478214278,136971
2017-08,0.7269076305220884,197.0,249.0,16.0,36.0,86.34538152610443,0.6666666666666666,0.7,0.75,0.8571428571428571,0.9,1.0,1.0,0.0,0.8571428571428571,0.6666666666666666,0.8,0.6842105263157895,0.5,0.65,12.0,40.0,24.0,21.0,10.0,1.0,12.0,8.0,7.0,12.0,40.0,19.0,2.0,40.0,8.779763413175475,5.774601827616873,31.52744199781196,32.33873552670291,35.50637720658884,15.707401882398395,42.84718315297129,24.64021500103797,56.823077616185216,102978
2017-09,0.788659793814433,161.0,194.0,8.0,25.0,89.43298969072164,1.0,0.8695652173913043,0.8571428571428571,0.7391304347826086,0.9166666666666666,0.788659793814433,1.0,0.7777777777777778,0.8888888888888888,0.5454545454545454,0.675,1.0,0.5,0.7142857142857143,3.0,23.0,21.0,23.0,12.0,,6.0,9.0,9.0,11.0,40.0,13.0,2.0,21.0,11.04832088228437,8.307040267439923,35.640194343248645,41.49879032435111,32.99631371711704,19.20121486601058,43.25968090074384,27.421650757313643,58.03176831653938,120545
2017-10,0.7379310344827587,115.0,145.0,8.0,22.0,86.89655172413792,0.7379310344827587,0.9333333333333332,0.875,0.8064516129032258,0.9230769230769232,-1.0,0.8,0.3333333333333333,0.4,0.5,0.6363636363636364,0.8333333333333334,1.0,1.0,,15.0,8.0,31.0,13.0,1.0,5.0,9.0,10.0,6.0,22.0,12.0,4.0,5.0,18.992326639838623,6.868451365769729,40.6382910409688,47.15331047170757,35.14402878691779,19.851575998883867,47.99079252664983,30.948396690105174,57.29016565279704,127724
2017-11,0.7253521126760564,112.0,142.0,9.0,21.0,86.26760563380283,0.7253521126760564,0.7894736842105263,0.7142857142857143,0.75,1.0,-1.0,-0.3333333333333333,0.7142857142857143,0.5714285714285714,0.3333333333333333,0.8214285714285714,0.8235294117647058,0.75,0.625,,19.0,14.0,16.0,11.0,1.0,3.0,7.0,7.0,6.0,28.0,17.0,4.0,8.0,8.94144121314101,7.417669652061573,37.1039669657428,35.74975740624466,28.7109313673158,19.26453385419461,47.84481141962032,26.43330169690297,57.42847742512789,122868
2017-12,0.6612244897959184,178.0,245.0,16.0,51.0,83.06122448979592,1.0,0.6206896551724138,0.6190476190476191,0.55,0.9565217391304348,1.0,0.7272727272727273,0.8333333333333334,0.6666666666666666,1.0,0.5238095238095238,0.6551724137931034,1.0,0.7142857142857143,1.0,29.0,21.0,20.0,23.0,1.0,11.0,6.0,12.0,8.0,63.0,29.0,3.0,14.0,6.20863024946023,5.118102296403883,30.231769259310965,32.9554286115734,37.98880927410999,12.507109971130834,41.32008104341556,23.761418672200698,53.64738792072365,99212
2018-01,0.7492877492877493,285.0,351.0,22.0,44.0,87.46438746438747,0.0,0.92,0.7333333333333333,0.7435897435897436,0.9142857142857144,0.0,0.7777777777777778,0.9166666666666666,0.6,0.6,0.5540540540540541,0.7647058823529411,0.9285714285714286,0.9166666666666666,2.0,50.0,30.0,39.0,35.0,1.0,9.0,12.0,25.0,10.0,74.0,34.0,14.0,12.0,8.65356350034971,6.354822139717113,35.44355178507539,29.613672188876222,31.18582759248677,15.13055516800996,45.46726824120342,24.54989437367409,53.62239561999469,114057
2018-02,0.7707736389684814,287.0,349.0,18.0,44.0,88.53868194842407,1.0,0.8653846153846154,0.6,0.8181818181818182,0.96,0.7707736389684814,0.875,0.6666666666666666,0.6086956521739131,0.8461538461538461,0.543859649122807,0.8461538461538461,0.9230769230769232,0.6666666666666666,3.0,52.0,30.0,33.0,25.0,,16.0,9.0,23.0,13.0,57.0,39.0,39.0,9.0,12.860227261208475,6.578440068220272,33.92269381422105,33.61438350450277,38.12445443641319,21.59982399467691,54.26386177023232,28.709126407067856,56.998119596794126,120239
2018-03,0.7094594594594594,231.0,296.0,21.0,44.0,85.47297297297297,1.0,0.9,0.6206896551724138,0.7,0.9047619047619048,0.5,0.5555555555555556,0.5,0.8666666666666667,0.4,0.4528301886792453,0.8717948717948718,0.8478260869565217,0.5,2.0,30.0,29.0,20.0,21.0,2.0,9.0,10.0,15.0,10.0,53.0,39.0,46.0,10.0,26.503502174287654,14.53789384732372,50.03426493225719,35.61847137393681,44.383599495098565,30.541216368495043,64.75810158372956,38.05386425358979,62.909467444995634,175811
2018-04,0.7157190635451505,238.0,299.0,24.0,37.0,85.78595317725753,1.0,0.8181818181818182,0.8518518518518519,0.6842105263157895,0.6666666666666666,1.0,1.0,0.6,1.0,0.25,0.5166666666666667,0.8571428571428571,0.8043478260869565,0.8571428571428571,2.0,22.0,27.0,38.0,36.0,1.0,7.0,10.0,5.0,8.0,60.0,21.0,46.0,14.0,9.348423261330115,7.525623134787236,39.311934927724295,32.6659626691021,31.19901531659958,17.45779628457056,56.37863895599604,27.69819922144428,54.902641261930285,112648
2018-05,0.7788461538461539,173.0,208.0,11.0,24.0,88.9423076923077,1.0,0.8846153846153846,0.4615384615384615,0.5652173913043478,0.7142857142857143,-1.0,1.0,1.0,0.9230769230769232,0.75,0.6829268292682927,0.8636363636363636,0.9090909090909092,1.0,2.0,26.0,13.0,23.0,14.0,1.0,5.0,2.0,13.0,4.0,41.0,22.0,22.0,20.0,14.138951679117714,8.70729856493046,34.78451790518502,42.79595340443559,29.534222144072757,18.36304317496432,54.91184138435682,29.033689751008957,57.80370618503338,124470
2018-06,0.7351351351351352,152.0,185.0,16.0,17.0,86.75675675675676,1.0,0.6666666666666666,0.5454545454545454,0.8461538461538461,0.7857142857142857,-0.3333333333333333,0.75,0.4285714285714285,0.6923076923076923,1.0,0.8421052631578947,0.7272727272727273,0.8214285714285714,0.625,7.0,9.0,11.0,13.0,14.0,3.0,4.0,7.0,13.0,8.0,19.0,33.0,28.0,16.0,8.920661307816285,7.445785009650565,27.169030540273564,38.58217671363398,28.42017344997143,16.3733244615203,36.2217000731744,23.30469307943436,58.42033544938092,98610
2018-07,0.6938775510204082,272.0,343.0,34.0,37.0,84.6938775510204,0.4615384615384615,0.7931034482758621,0.9130434782608696,1.0,0.7894736842105263,-0.3333333333333333,0.8333333333333334,0.0,0.6071428571428571,0.5,0.7567567567567568,0.6666666666666666,0.8421052631578947,0.5277777777777778,13.0,29.0,23.0,21.0,19.0,12.0,6.0,2.0,28.0,10.0,37.0,48.0,57.0,36.0,9.78429444619018,7.428465000334141,35.07128944605768,61.49652904319262,35.33682075370984,17.503944021721633,47.44753689056565,30.581268514538824,58.202528967864566,123963
2018-08,0.601010101010101,286.0,396.0,48.0,62.0,80.05050505050505,1.0,0.8,0.8333333333333334,0.7307692307692307,0.4318181818181818,-0.2,0.8333333333333334,0.5714285714285714,0.5172413793103449,0.8461538461538461,0.5555555555555556,0.6557377049180327,0.8166666666666667,0.3333333333333333,4.0,15.0,24.0,26.0,44.0,20.0,12.0,7.0,29.0,13.0,45.0,61.0,60.0,33.0,12.601238685088134,7.305603655708266,45.065067692144325,48.46957369361609,38.24063200597843,17.188422283991027,59.11756810919532,32.56972944653165,55.412862261206406,131593
2018-09,0.6786786786786787,261.0,333.0,35.0,37.0,83.93393393393393,0.0,1.0,0.3333333333333333,0.6,0.625,-0.25,1.0,0.6875,0.7441860465116279,0.7142857142857143,0.7777777777777778,0.5789473684210527,0.8571428571428571,0.55,2.0,12.0,21.0,20.0,24.0,8.0,7.0,16.0,43.0,14.0,45.0,38.0,63.0,20.0,13.463858169543752,8.644938622711276,34.25581975575733,40.07989128287083,38.40328060336978,19.524785627662887,48.77666361466873,29.021319668083517,57.83674454561013,120932
2018-10,0.7231270358306189,245.0,307.0,23.0,39.0,86.15635179153094,0.5,0.95,0.6363636363636364,0.6666666666666666,0.6578947368421053,0.1,0.8181818181818182,0.8709677419354839,0.7741935483870968,0.75,0.6842105263157895,0.5555555555555556,0.8809523809523809,0.8571428571428571,2.0,20.0,22.0,15.0,38.0,10.0,11.0,31.0,31.0,4.0,38.0,36.0,42.0,7.0,20.683608202487505,11.407915086084005,47.15148228494927,47.126197051991866,40.58302300315878,30.870689747689934,65.74290410475332,37.65225992587352,59.934565665417786,162223
2018-11,0.7186440677966102,232.0,295.0,20.0,43.0,85.9322033898305,0.7186440677966102,0.6153846153846154,0.8333333333333334,0.8,0.7714285714285715,0.8,1.0,0.9047619047619048,0.7551020408163265,0.0,0.6046511627906976,0.5116279069767442,0.8285714285714286,1.0,,13.0,18.0,25.0,35.0,5.0,4.0,21.0,49.0,3.0,43.0,43.0,35.0,1.0,20.880763889592817,9.988544276942992,41.41341675911083,42.37004219594546,44.07839787991636,38.901469215166514,66.37132151511473,37.714850818827095,60.91948265785143,169336
2018-12,0.7274509803921568,408.0,510.0,37.0,65.0,86.37254901960785,0.7274509803921568,0.896551724137931,0.6666666666666666,0.9107142857142856,0.6216216216216216,0.2727272727272727,0.6666666666666666,0.9032258064516128,0.7758620689655172,0.0,0.6666666666666666,0.6060606060606061,0.8571428571428571,1.0,,29.0,39.0,56.0,74.0,11.0,6.0,31.0,58.0,4.0,81.0,66.0,49.0,6.0,6.932379147111593,6.035390552369894,24.178389518419863,27.172476476089702,34.769748616858934,19.889674712113244,48.48676057995317,23.923545657559487,58.52917833245823,105597
2019-01,0.7075471698113207,503.0,636.0,53.0,80.0,85.37735849056604,1.0,0.9615384615384616,0.7,0.7450980392156863,0.7362637362637363,0.1363636363636363,0.875,0.8620689655172413,0.7446808510638298,0.6666666666666666,0.5894736842105263,0.5857142857142857,0.7777777777777778,0.8571428571428571,2.0,52.0,40.0,51.0,91.0,22.0,8.0,29.0,94.0,12.0,95.0,70.0,63.0,7.0,9.622616646224646,7.406281152785022,33.27990730271016,40.587581834228274,34.465174988539246,16.915828673842817,41.38082683404853,26.23688820462553,57.762581271287885,111867
2019-02,0.7484076433121019,505.0,628.0,35.0,88.0,87.42038216560509,-1.0,0.75,0.6153846153846154,0.8333333333333334,0.7752808988764045,0.45,0.5714285714285714,0.7931034482758621,0.9156626506024096,0.7,0.6835443037974683,0.6796116504854369,0.8028169014084507,0.9,1.0,44.0,39.0,42.0,89.0,20.0,7.0,29.0,83.0,10.0,79.0,103.0,71.0,10.0,8.39305444335195,7.765849291402038,33.00350992610682,31.55398314796684,39.52172520550871,16.906706446731558,42.247520711299366,25.627478453195327,59.20557034732007,108834
2019-03,0.7592295345104334,515.0,623.0,42.0,66.0,87.96147672552166,0.7592295345104334,0.7962962962962963,0.8409090909090909,0.6842105263157895,0.7792207792207793,0.25,0.75,0.8947368421052632,0.8414634146341463,0.5714285714285714,0.6436781609195402,0.7415730337078652,0.85,0.6666666666666666,,54.0,44.0,38.0,77.0,12.0,16.0,19.0,82.0,14.0,87.0,89.0,80.0,9.0,14.265151591943477,9.47807852291164,33.829024442128244,36.79093467751493,36.281312994932144,20.221831099282028,50.62036454828589,28.783813982428335,57.89940419121664,127277
2019-04,0.7327823691460055,294.0,363.0,28.0,41.0,86.63911845730028,0.3333333333333333,0.8181818181818182,0.75,0.5,0.6557377049180327,0.2,0.7327823691460055,0.7222222222222222,0.8,0.7777777777777778,0.7333333333333333,0.7547169811320755,0.8076923076923077,1.0,3.0,11.0,32.0,22.0,61.0,5.0,,18.0,35.0,9.0,45.0,53.0,52.0,16.0,17.93356512219598,100.0,88.58051518022212,100.0,100.0,100.0,100.0,86.64486861463115,77.77483541389992,511283
2019-05,0.8260869565217391,60.0,69.0,3.0,6.0,91.30434782608695,1.0,1.0,0.75,0.75,1.0,0.5,0.3333333333333333,0.8260869565217391,1.0,1.0,0.75,0.875,0.625,1.0,1.0,4.0,8.0,8.0,4.0,2.0,3.0,,14.0,1.0,4.0,8.0,8.0,4.0,16.171834612226693,39.01336052864781,70.5585334785318,72.22477134715268,79.94335558500116,44.94360317238863,76.74495225277893,57.08577299667538,69.7342442158811,284569
2019-06,0.6631578947368421,74.0,95.0,11.0,10.0,83.1578947368421,1.0,0.6631578947368421,0.25,0.7272727272727273,0.4285714285714285,0.3333333333333333,0.6631578947368421,1.0,0.7272727272727273,0.6666666666666666,0.7333333333333333,0.5333333333333333,1.0,0.5,3.0,,8.0,11.0,7.0,3.0,,2.0,11.0,3.0,15.0,15.0,13.0,4.0,18.47181535280225,12.937137461163436,61.329040223374506,42.05642664886911,48.952203919894,30.012663797636808,64.06805587730229,39.68962046872034,61.5279219986854,176244
2019-07,0.7752808988764045,149.0,178.0,11.0,18.0,88.76404494382022,1.0,1.0,0.6666666666666666,0.9166666666666666,0.6875,0.375,0.7752808988764045,0.5,0.8823529411764706,1.0,0.75,0.6666666666666666,0.76,0.7647058823529411,5.0,15.0,6.0,12.0,16.0,8.0,,2.0,17.0,6.0,28.0,21.0,25.0,17.0,9.73513223115364,10.189227033291983,34.182102810711484,50.0276622743658,40.85305735404015,21.71680314233894,46.95767283317337,30.523093954153627,62.9283572264889,135178
2019-08,0.7206477732793523,202.0,247.0,24.0,21.0,86.03238866396761,0.7206477732793523,0.8666666666666667,0.75,0.7619047619047619,0.92,0.0,0.5,0.7777777777777778,0.8076923076923077,1.0,0.6857142857142857,0.5714285714285714,0.96875,0.2777777777777778,,15.0,20.0,21.0,25.0,8.0,6.0,9.0,26.0,3.0,35.0,28.0,32.0,18.0,8.541047915420718,9.010359184567635,35.37875442571084,35.95788308956871,26.224103391757048,18.109767222228182,52.66829194750561,26.555743882394104,58.51641925220561,117355
2019-09,0.700507614213198,159.0,197.0,21.0,17.0,85.0253807106599,0.700507614213198,1.0,0.7142857142857143,0.8,0.5416666666666666,0.4,0.700507614213198,1.0,0.5769230769230769,0.8333333333333334,0.5,0.5789473684210527,0.9696969696969696,1.0,,3.0,14.0,15.0,24.0,5.0,,7.0,26.0,12.0,32.0,19.0,33.0,7.0,9.089434685209776,6.501607241503803,37.81144105710229,37.081827642076505,30.632571166611196,17.894589982721428,40.714093979474384,25.675080822099915,57.37908589044854,114518
2019-10,0.8304347826086956,199.0,230.0,8.0,23.0,91.52173913043478,0.75,1.0,0.7,0.9523809523809524,0.6666666666666666,0.3333333333333333,1.0,0.8571428571428571,0.875,0.875,0.6521739130434783,0.9090909090909092,0.896551724137931,1.0,4.0,4.0,20.0,21.0,18.0,3.0,2.0,7.0,40.0,24.0,23.0,33.0,29.0,2.0,6.434168246277356,7.233041516220504,31.388186681668067,33.26037225517789,31.4326264294551,18.12318226209768,52.02810779803859,25.699955026990743,56.92151931726721,108207
2019-11,0.7807017543859649,191.0,228.0,13.0,24.0,89.03508771929825,0.7807017543859649,1.0,0.9166666666666666,0.7272727272727273,0.9545454545454546,0.0,0.5,0.8571428571428571,0.7567567567567568,0.9,0.8235294117647058,0.5853658536585366,0.9444444444444444,0.6666666666666666,,18.0,12.0,22.0,22.0,6.0,2.0,7.0,37.0,20.0,17.0,41.0,18.0,6.0,13.408614030997535,11.1616783326288,43.1091260541971,37.79643639652773,51.08735925244444,21.561188679852755,68.34820722698402,35.21037285337605,55.01124120474834,139480
2019-12,0.7844611528822055,331.0,399.0,18.0,50.0,89.22305764411027,0.7844611528822055,0.6551724137931034,0.875,0.925925925925926,0.875,0.0,0.6666666666666666,1.0,0.8225806451612904,0.851063829787234,0.5833333333333334,0.7627118644067796,0.896551724137931,0.7142857142857143,,29.0,24.0,27.0,40.0,6.0,9.0,10.0,62.0,47.0,48.0,59.0,29.0,7.0,6.848245871894419,8.18746102503611,35.934403446335544,38.9494702454917,34.48087466010211,20.17300035415705,57.23834633190298,28.83025741927427,59.04150941544242,115234
2020-01,0.7652859960552268,427.0,507.0,39.0,41.0,88.26429980276134,0.7652859960552268,0.896551724137931,0.8214285714285714,0.6578947368421053,0.8591549295774648,0.3846153846153846,1.0,0.8888888888888888,0.6153846153846154,0.9607843137254902,0.6666666666666666,0.7608695652173914,0.896551724137931,0.25,,29.0,28.0,38.0,71.0,13.0,2.0,18.0,78.0,51.0,54.0,92.0,29.0,4.0,7.704783432840361,5.603299817665381,38.75968907209795,36.75745454385784,30.962264269431483,13.59050859099153,35.08532724404584,24.066189567275767,57.12126588211467,100009
2020-02,0.7613365155131265,342.0,419.0,23.0,54.0,88.06682577565633,0.7613365155131265,0.8484848484848485,0.5882352941176471,0.7272727272727273,0.7297297297297297,0.3333333333333333,0.8,0.9523809523809524,0.6707317073170732,0.825,0.5853658536585366,0.8985507246376812,0.8571428571428571,0.8333333333333334,,33.0,17.0,33.0,37.0,6.0,5.0,21.0,82.0,40.0,41.0,69.0,28.0,6.0,9.559263276332194,5.296640748604019,36.14454888498626,36.32276166096586,34.42561181620081,18.6764185063158,44.1639548010134,26.36988567063119,57.110582361346815,109976
2020-03,0.7247191011235955,142.0,178.0,13.0,23.0,86.23595505617978,0.7247191011235955,1.0,1.0,0.5454545454545454,0.8108108108108109,1.0,0.5,0.8571428571428571,0.6388888888888888,1.0,0.3,0.75,0.8,1.0,,7.0,4.0,11.0,37.0,2.0,2.0,7.0,36.0,17.0,20.0,24.0,10.0,1.0,7.96529248983812,6.071651850413643,28.52617980777781,38.85660403869201,33.71473068783401,12.1094881893989,25.852481862674797,21.8709184180899,61.81354486820837,99819
2020-04,1.0,4.0,4.0,0.0,0.0,100.0,1.0,1.0,1.0,1.0,1.0,1.0,1.0,1.0,1.0,1.0,1.0,1.0,1.0,1.0,,,,1.0,1.0,,,,,,,2.0,,,3.848843927706203,5.561502443584419,24.68815070132418,57.24499115246293,35.864329718222294,10.372508827096231,25.4735193213533,23.293406584535653,62.45775774146455,93801
2020-05,1.0,2.0,2.0,0.0,0.0,100.0,1.0,1.0,1.0,1.0,1.0,1.0,1.0,1.0,1.0,1.0,1.0,1.0,1.0,1.0,,,,,,,,,,1.0,,1.0,,,4.2983994404630375,4.42170347432269,25.415769333883816,43.03964486908715,26.884117584260142,9.06749374859142,23.189154008229345,19.4737546369768,58.754085891104566,86473
2020-06,1.0,4.0,4.0,0.0,0.0,100.0,1.0,1.0,1.0,1.0,1.0,1.0,1.0,1.0,1.0,1.0,1.0,1.0,1.0,1.0,,,,1.0,,,,,2.0,,1.0,,,,10.33166756206096,6.27292775776662,21.553314285103163,41.05399851589699,25.53834173789085,13.349574474935338,28.17302989854864,20.896122033171796,59.54897425745336,82643
2020-07,0.8333333333333334,5.0,6.0,0.0,1.0,91.66666666666669,0.8333333333333334,0.8333333333333334,0.8333333333333334,0.8333333333333334,0.8333333333333334,0.8333333333333334,0.8333333333333334,1.0,0.8333333333333334,0.8333333333333334,0.8333333333333334,1.0,1.0,0.0,,,,,,,,1.0,,,,3.0,1.0,1.0,6.005392638845245,5.143370529173737,24.24546480274301,36.12638146715431,27.12338057887829,14.39433777997188,38.96033505789603,21.71409469352321,57.82185561299252,90024
2020-08,0.5,4.0,6.0,1.0,1.0,75.0,0.5,1.0,0.5,0.5,0.5,0.5,0.5,-0.5,1.0,0.5,0.5,0.5,1.0,1.0,,1.0,,,,,,2.0,1.0,,,,1.0,1.0,6.7707013471460575,5.644780844544217,23.430791013934225,36.483466302519865,24.2497126960104,16.019167408965536,49.69682261273084,23.185063175121595,55.19212492957668,93415
2020-09,1.0,4.0,4.0,0.0,0.0,100.0,1.0,1.0,1.0,1.0,1.0,1.0,1.0,1.0,1.0,1.0,1.0,1.0,1.0,1.0,,1.0,2.0,,,,,,,,,1.0,,,7.311485712548022,8.091212388789128,27.985735250129817,37.189732466289314,25.19860084527032,12.25007780723124,40.21871426312633,22.60650839048345,57.63837994730147,101170
2020-10,1.0,1.0,1.0,0.0,0.0,100.0,1.0,1.0,1.0,1.0,1.0,1.0,1.0,1.0,1.0,1.0,1.0,1.0,1.0,1.0,1.0,,,,,,,,,,,,,,2.690237499113053,2.644346262575296,27.546919079490262,23.1720944732532,14.597554619157368,10.239968233185587,24.471360860148632,15.0517830038462,56.53604648727146,70333
2020-11,0.75,3.0,4.0,0.0,1.0,87.5,0.75,0.75,0.75,0.75,1.0,0.75,0.75,1.0,0.0,0.75,0.75,1.0,0.75,0.75,,,,,1.0,,,1.0,1.0,,,1.0,,,2.7181129818657315,3.2355596399494315,20.820783019199123,25.996061419030763,17.221911717606865,6.976893935328775,25.497861762878127,14.638169210836976,57.71336014362628,62345
2020-12,1.0,1.0,1.0,0.0,0.0,100.0,1.0,1.0,1.0,1.0,1.0,1.0,1.0,1.0,1.0,1.0,1.0,1.0,1.0,1.0,,,,1.0,,,,,,,,,,,7.9434989305951165,5.2215082880989785,24.559955671425143,32.19460629558236,23.833985393025586,11.489176745833287,32.90370027173814,19.735204513756944,59.18083451511297,90865
2021-01,0.0,1.0,2.0,1.0,0.0,50.0,0.0,0.0,0.0,0.0,-1.0,0.0,0.0,1.0,0.0,0.0,0.0,0.0,0.0,0.0,,,,,1.0,,,1.0,,,,,,,10.20496082227606,5.540149007440881,28.519565591934143,44.56030156269893,30.46301471373219,14.437265907554275,37.8449217327994,24.510025619776552,56.69160001717584,102853
2021-02,0.0,1.0,2.0,1.0,0.0,50.0,0.0,0.0,0.0,0.0,-1.0,0.0,0.0,1.0,0.0,0.0,0.0,0.0,0.0,0.0,,,,,1.0,,,1.0,,,,,,,10.781223074817795,5.078084375334883,34.698999662160915,36.62891278480065,32.09201263509568,14.31438414234967,51.35799200597161,26.42165838293303,55.85996315040431,108914
2021-03,0.5,3.0,4.0,1.0,0.0,75.0,0.5,0.5,0.5,0.5,0.0,0.5,0.5,0.5,0.5,1.0,0.5,0.5,0.5,0.5,,,,,2.0,,,,,2.0,,,,,16.65990897387814,5.805564310025002,28.261062276451398,44.14701401116147,28.922562939983298,18.22674636989021,54.965894842123454,28.14125053193042,57.328536596238,116706
2021-04,1.0,7.0,7.0,0.0,0.0,100.0,1.0,1.0,1.0,1.0,1.0,1.0,1.0,1.0,1.0,1.0,1.0,1.0,1.0,1.0,,3.0,1.0,,,,,,,1.0,1.0,1.0,,,6.869025777219143,4.885942993443308,26.458400287826933,33.649949285830324,23.439609643366264,12.51837860462121,40.7691034847933,21.22720143958578,56.4328486799994,95108
2021-05,1.0,2.0,2.0,0.0,0.0,100.0,1.0,1.0,1.0,1.0,1.0,1.0,1.0,1.0,1.0,1.0,1.0,1.0,1.0,1.0,,,,,1.0,,,,,,1.0,,,,3.968455090063151,5.994028155691857,23.56650594068464,46.6567067842825,22.12083723208511,10.67139591538866,28.994495372362127,20.28177492722258,59.08585382265117,85623
2021-06,,,,,,,,,,,,,,,,,,,,,,,,,,,,,,,,,,,4.530526187748979,3.9455613917220633,18.34289467206291,36.20530676584101,28.13067150635209,10.549587353373614,27.21367295084076,18.41688868970592,61.25664962216685,78455
2021-07,1.0,1.0,1.0,0.0,0.0,100.0,1.0,1.0,1.0,1.0,1.0,1.0,1.0,1.0,1.0,1.0,1.0,1.0,1.0,1.0,,,,,,,,1.0,,,,,,,5.857399166776479,3.16865220669968,15.654421768211648,28.682595160419226,17.768260287994778,8.367228667403598,27.310013127268306,15.258367197824814,57.081799826656265,62864
2021-08,1.0,2.0,2.0,0.0,0.0,100.0,1.0,1.0,1.0,1.0,1.0,1.0,1.0,1.0,1.0,1.0,1.0,1.0,1.0,1.0,,,,,,,,,2.0,,,,,,2.7181129818657315,2.434173090162512,12.717572709235746,27.597948600859706,15.567794321742792,5.95627770205733,15.823837207164484,11.830816659012616,57.77970517636465,52665
2021-09,1.0,4.0,4.0,0.0,0.0,100.0,1.0,1.0,1.0,1.0,1.0,1.0,1.0,1.0,1.0,1.0,1.0,1.0,1.0,1.0,,,,,1.0,,1.0,,,,,1.0,1.0,,3.6739886268030375,5.672856658732942,24.467027311065813,27.925065972328923,25.45419149831386,11.922750834415478,30.230959026008176,18.47811998966689,62.92238284344922,82382
2021-10,0.7,8.0,10.0,1.0,1.0,85.0,0.7,1.0,1.0,1.0,0.7,0.7,0.7,0.7,1.0,0.5,0.7,-1.0,0.7,1.0,,2.0,1.0,1.0,,,,,2.0,2.0,,1.0,,1.0,5.998297061417291,4.386628478286916,26.03072673806924,23.2307121498856,21.770420562801828,10.518464460876377,38.77993623898246,18.67359795575996,55.52959114919569,83308
2021-11,0.6,29.0,40.0,5.0,6.0,80.0,0.6,0.6,1.0,0.5,0.5714285714285714,-1.0,0.6,1.0,0.6666666666666666,1.0,-0.25,0.7142857142857143,1.0,0.6,,,1.0,2.0,7.0,1.0,,1.0,9.0,5.0,4.0,7.0,3.0,,6.264888041924727,3.0966041314153725,20.2152666533964,20.28347244969196,15.292108089098775,9.698000622457853,24.730964541667117,14.225900647093171,56.26566592014915,62445
2021-12,0.625,36.0,48.0,6.0,6.0,81.25,0.625,1.0,-0.25,1.0,0.3333333333333333,0.625,0.625,1.0,0.4545454545454545,0.6666666666666666,1.0,0.75,1.0,0.625,,4.0,4.0,1.0,3.0,,,1.0,11.0,9.0,2.0,8.0,5.0,,7.051483482509402,6.304246130777141,26.361300305856656,32.54675143909686,20.76438560905306,13.834125715021624,34.94309678510625,20.257912781060146,60.12522802377161,86032
2022-01,0.6417910447761194,49.0,67.0,6.0,12.0,82.08955223880596,0.6417910447761194,0.3333333333333333,0.75,0.6417910447761194,1.0,-1.0,0.6417910447761194,-0.5,0.4545454545454545,1.0,0.4444444444444444,0.6923076923076923,0.875,0.6417910447761194,,3.0,4.0,,12.0,1.0,,2.0,11.0,4.0,9.0,13.0,8.0,,4.25633280285445,3.0657602792080403,23.793228086263056,30.88130688878446,19.515947726373568,8.908123074941777,35.88473008203622,18.043632705780222,54.73137278834398,73833
2022-02,0.7678571428571429,48.0,56.0,5.0,3.0,88.39285714285714,0.7678571428571429,1.0,1.0,0.0,1.0,-1.0,0.0,0.0,0.8571428571428571,0.8,0.75,0.8461538461538461,1.0,1.0,,1.0,2.0,2.0,10.0,1.0,2.0,2.0,7.0,5.0,4.0,13.0,5.0,2.0,4.951699390793996,3.1900847296437487,18.993530418973386,24.85389489213906,22.06055049328368,8.679530795565524,24.90540644890845,15.376385309901124,56.499454008901125,66474
2022-03,0.7638888888888888,61.0,72.0,6.0,5.0,88.19444444444444,1.0,1.0,0.6,0.7638888888888888,0.9333333333333332,-0.8,1.0,0.0,0.9285714285714286,0.625,1.0,1.0,1.0,1.0,1.0,1.0,5.0,,15.0,5.0,1.0,1.0,14.0,8.0,8.0,9.0,2.0,2.0,13.668109434077016,2.8350640820573,31.59160812495912,29.60697616214481,16.15182210388159,8.657530130179547,38.220721962986254,20.104547428612232,54.33107251133287,83606
2022-04,0.4864864864864865,25.0,37.0,7.0,5.0,74.32432432432432,0.4864864864864865,0.4864864864864865,-0.5,1.0,0.5,-1.0,0.4864864864864865,0.4864864864864865,0.5,1.0,0.5,0.5,0.0,0.4864864864864865,,,2.0,3.0,6.0,1.0,,,6.0,5.0,4.0,8.0,2.0,,90.0018245770529,7.483232609702287,26.573888338740137,47.3163203027921,36.38241887979704,20.99990341171294,32.267266770361054,37.28926498430835,69.57746205490686,128374
2022-05,0.6666666666666666,7.0,9.0,1.0,1.0,83.33333333333333,1.0,0.6666666666666666,0.6666666666666666,0.6666666666666666,1.0,0.6666666666666666,-1.0,0.6666666666666666,0.6666666666666666,0.6666666666666666,0.6666666666666666,1.0,0.6666666666666666,1.0,1.0,,,,1.0,,1.0,,3.0,,,2.0,,1.0,68.05520359238949,11.888051052111477,26.83132130394113,61.19246356702828,52.20391989399582,24.879532941971902,39.03623052512751,40.58381755379509,69.31071143687974,137771
2022-06,1.0,4.0,4.0,0.0,0.0,100.0,1.0,1.0,1.0,1.0,1.0,1.0,1.0,1.0,1.0,1.0,1.0,1.0,1.0,1.0,,,,,,,,,1.0,2.0,,1.0,,,19.32176416327937,2.8463339511330563,21.463048078008697,44.55700843479823,22.971131443930197,10.408997735541268,32.878548866899784,22.06383323908437,59.15918148858441,78146
2022-07,0.7142857142857143,12.0,14.0,2.0,0.0,85.71428571428572,0.7142857142857143,0.7142857142857143,1.0,0.7142857142857143,0.3333333333333333,0.7142857142857143,0.7142857142857143,0.7142857142857143,1.0,1.0,0.0,1.0,1.0,1.0,,,1.0,,3.0,,,,2.0,3.0,2.0,1.0,1.0,1.0,100.0,11.017147204657263,48.24247111572468,64.46078323753981,92.4151746745458,31.700275813219715,51.274889411037904,57.015820208103605,69.2078533484201,188626
2022-08,1.0,19.0,19.0,0.0,0.0,100.0,1.0,1.0,1.0,1.0,1.0,1.0,1.0,1.0,1.0,1.0,1.0,1.0,1.0,1.0,,,,1.0,6.0,,,,4.0,2.0,1.0,1.0,3.0,1.0,19.37244685919333,3.5949300615651194,36.71982099410992,42.47520274690768,39.61089933998581,14.230674293564002,35.46914356524834,27.3533025515106,60.84308000322161,98392
2022-09,0.8461538461538461,11.0,13.0,0.0,2.0,92.3076923076923,0.8461538461538461,1.0,1.0,0.8461538461538461,0.8461538461538461,0.8461538461538461,1.0,0.8461538461538461,0.6666666666666666,0.8461538461538461,1.0,1.0,0.6666666666666666,0.8461538461538461,,2.0,1.0,,,,1.0,,3.0,,2.0,1.0,3.0,,13.906824931831776,3.023962905127078,22.247230606227028,28.887098403052477,20.542706246585325,9.921226885886302,27.504237864630987,18.004755406191567,58.82083369830709,68826
2022-10,0.7272727272727273,9.0,11.0,1.0,1.0,86.36363636363636,0.7272727272727273,0.7272727272727273,1.0,1.0,1.0,0.7272727272727273,0.7272727272727273,0.7272727272727273,1.0,1.0,-1.0,0.5,1.0,0.7272727272727273,,,1.0,1.0,1.0,,,,2.0,1.0,1.0,2.0,2.0,,4.881250443473589,2.2761972061005977,13.823903227382598,21.54408181007871,14.179315368722486,6.171454941564086,18.948568318790365,11.689253045158916,57.40405423786713,51626
2022-11,0.7777777777777778,8.0,9.0,1.0,0.0,88.88888888888889,0.7777777777777778,0.7777777777777778,0.7777777777777778,0.7777777777777778,0.3333333333333333,0.7777777777777778,0.7777777777777778,1.0,1.0,0.7777777777777778,1.0,1.0,0.7777777777777778,0.7777777777777778,,,,,3.0,,,1.0,2.0,,2.0,1.0,,,7.845174500522031,1.7314868674390544,16.35605010033994,25.612302247669533,18.292629318194663,6.414535463999399,16.682662077638398,13.276405796543289,57.16861024152438,51481
2022-12,0.6451612903225806,23.0,31.0,3.0,5.0,82.25806451612902,0.6451612903225806,0.6451612903225806,0.6451612903225806,0.6451612903225806,0.8,0.6451612903225806,0.6451612903225806,1.0,0.0,1.0,0.4285714285714285,0.7142857142857143,1.0,0.6451612903225806,,,,,5.0,,,1.0,3.0,3.0,7.0,7.0,4.0,,4.959301795181089,2.0343893134751654,17.99149044109981,35.88993488388426,17.502621845151,6.66888461992509,19.95212408026385,14.999820996997183,56.278008683538935,57076
2023-01,0.8571428571428571,19.0,21.0,1.0,1.0,92.85714285714286,0.8571428571428571,1.0,1.0,0.8571428571428571,0.3333333333333333,0.8571428571428571,0.8571428571428571,0.8571428571428571,1.0,1.0,0.8,1.0,0.8571428571428571,0.8571428571428571,,1.0,1.0,,3.0,,,,3.0,4.0,5.0,4.0,,,10.408705259850182,2.7564913457291342,25.116043810114096,27.92495620139889,18.73724401685517,11.12428766138293,26.77212606590106,17.548550623033066,56.94442261459805,73256
2023-02,0.5333333333333333,31.0,45.0,7.0,7.0,76.66666666666666,0.5333333333333333,1.0,1.0,0.5333333333333333,0.0,0.5333333333333333,0.0,0.5,0.8333333333333334,0.5,0.8571428571428571,0.2307692307692307,1.0,0.5333333333333333,,2.0,2.0,,4.0,,1.0,4.0,6.0,4.0,7.0,13.0,2.0,,9.509594234336513,2.6327205028971465,20.970302720096257,30.52466113713899,14.4845169839047,8.643578488715269,33.58639176622428,17.19310940475902,52.38611315895933,67656
2023-03,0.75,27.0,32.0,3.0,2.0,87.5,0.75,1.0,1.0,0.75,0.5,-1.0,1.0,1.0,1.0,1.0,1.0,0.2,1.0,0.5,,1.0,2.0,,2.0,1.0,2.0,2.0,4.0,4.0,5.0,5.0,2.0,2.0,16.090742298764354,3.055518538539195,21.779679647254333,35.1366867620649,17.37639648578552,10.259285890597663,29.68807110052104,19.055197246218142,53.90470625045777,74397
2023-04,0.8055555555555556,31.0,36.0,2.0,3.0,90.2777777777778,0.8055555555555556,1.0,1.0,1.0,0.75,0.8055555555555556,0.8055555555555556,1.0,0.6666666666666666,0.7142857142857143,0.6666666666666666,1.0,1.0,0.5,,1.0,1.0,1.0,4.0,,,1.0,3.0,7.0,6.0,7.0,3.0,2.0,9.727529826766544,4.778029054117911,26.53211723287277,32.919753059315795,18.100465338265124,11.2026314942208,41.01774939051967,20.611182199439803,56.06655293395645,85854
2023-05,0.0,1.0,3.0,1.0,1.0,50.0,0.0,0.0,0.0,-1.0,0.0,0.0,0.0,0.0,0.5,0.0,0.0,0.0,0.0,0.0,,,,1.0,,,,,2.0,,,,,,10.387925354525455,6.123809595364247,29.68871743815617,44.83977835053806,21.060795408160065,13.459041200270446,40.12627181902755,23.669477023720283,54.268386328178295,90991
2023-06,,,,,,,,,,,,,,,,,,,,,,,,,,,,,,,,,,,4.621248213434969,3.495162062694479,27.69484697740429,34.5474364097002,15.15457896620803,8.562015046308717,34.04963357639003,18.303560178877245,52.429747227300496,79242
2023-07,,,,,,,,,,,,,,,,,,,,,,,,,,,,,,,,,,,13.529745674231902,4.270331338105167,52.53951582377556,34.617360492125,25.761905060946127,14.451217549018551,52.41015910837532,28.22574786379681,50.55792637628358,114267
2023-08,,,,,,,,,,,,,,,,,,,,,,,,,,,,,,,,,,,7.180217530130864,4.3596994227059,32.845290198560576,35.92901333497255,23.810121892250017,10.92950128247781,41.03907660514867,22.29898860946377,50.92357158576999,92260
2023-09,,,,,,,,,,,,,,,,,,,,,,,,,,,,,,,,,,,7.221270513821171,5.975245040565596,37.090738534055525,28.551089586251383,21.165041227337525,11.435516586355297,35.38670284938942,20.97508633396799,53.56722832484102,92990
2023-10,,,,,,,,,,,,,,,,,,,,,,,,,,,,,,,,,,,7.438699279292063,4.027772120874683,32.33618769275261,32.84192546992933,26.596499601228345,10.785692055076783,42.23950462028365,22.323754405633924,52.25846900823996,91231
2023-11,,,,,,,,,,,,,,,,,,,,,,,,,,,,,,,,,,,5.75248598623458,3.3582628109742427,24.89387751445293,38.31697014669784,20.322282857842616,9.2606703227122,32.7983144146231,19.2432662933625,51.7434449556489,71846
2023-12,,,,,,,,,,,,,,,,,,,,,,,,,,,,,,,,,,,4.615166289925294,3.392784199406295,23.07845365708449,26.658858294511,20.015197282072865,7.4834458408010365,29.31072648582658,16.36494743566108,53.51335743339093,67817
2024-01,,,,,,,,,,,,,,,,,,,,,,,,,,,,,,,,,,,11.237874165002584,5.3807100175691325,26.17827040767698,31.51885645035936,21.767280628489257,9.68243917620923,33.09711604578732,19.837506698727697,54.63202449802954,78112
2024-02,,,,,,,,,,,,,,,,,,,,,,,,,,,,,,,,,,,12.157765095840976,3.5273899339111146,26.24660815643502,26.81956293606499,21.94248896313089,12.11700061172582,45.66303736307376,21.210550437168937,52.58680706091392,77924
2024-03,,,,,,,,,,,,,,,,,,,,,,,,,,,,,,,,,,,9.868427721407356,5.245194784858199,27.677913487049366,27.38587116405483,21.11103435716125,10.806619517273203,32.65645166628056,19.250216099726394,56.91722811393908,79039
2024-04,,,,,,,,,,,,,,,,,,,,,,,,,,,,,,,,,,,8.007359127446707,4.081788405637781,27.398606953269976,36.38829490618973,23.77369865422416,12.667553847970035,46.108996775178056,22.632328381416634,55.32059144816361,80137
2024-05,,,,,,,,,,,,,,,,,,,,,,,,,,,,,,,,,,,14.285424670309062,7.669600655155054,28.16481308573072,28.164586141639603,22.713656830299115,12.610137477328584,31.88771589208429,20.78513353607806,58.70241960917939,85932
2024-06,,,,,,,,,,,,,,,,,,,,,,,,,,,,,,,,,,,9.468034423687063,2.868636428882973,41.44330423236281,28.53264807000749,17.389584209898334,8.758411229998176,43.17716664276547,21.662540748228903,48.28802916912077,84242
2024-07,,,,,,,,,,,,,,,,,,,,,,,,,,,,,,,,,,,5.710419348625993,3.0795213825005425,18.36103573709468,28.17347758697148,15.975357795514922,8.902757058993979,30.13307446507301,15.762234767824944,53.15996460156642,64137
2024-08,,,,,,,,,,,,,,,,,,,,,,,,,,,,,,,,,,,11.013856649062877,2.597447789860044,21.207206915790824,24.733366410973563,15.974729808652407,9.650779682117214,35.3163230411137,17.213387185367232,51.815895847541896,64545
2024-09,,,,,,,,,,,,,,,,,,,,,,,,,,,,,,,,,,,8.933838808753917,3.5561775293046245,17.82569592694428,23.72676698266057,17.49006210790071,11.467712682042093,30.70758550190657,16.243977077073254,54.02903226273855,66903
2024-10,,,,,,,,,,,,,,,,,,,,,,,,,,,,,,,,,,,5.436225963731464,4.6028517909403694,25.779880543832867,22.472414565285145,17.364464735397735,10.576417433112612,38.12592617106632,17.765454457623786,52.9936458469242,79015
2024-11,,,,,,,,,,,,,,,,,,,,,,,,,,,,,,,,,,,4.137228467456642,2.7235516933077144,17.305588024649595,24.99901206162977,16.431904244563206,9.554727996651604,29.0845844686398,14.890942422414048,52.69716938873616,62200
2024-12,,,,,,,,,,,,,,,,,,,,,,,,,,,,,,,,,,,6.504110366638622,2.4976007041888715,28.619794290112612,42.96642765876165,17.05109929100283,8.546453600060099,39.45255246310942,20.805434053410583,49.70263015185889,80052
2025-01,,,,,,,,,,,,,,,,,,,,,,,,,,,,,,,,,,,8.857307937923835,2.962433374313477,25.62199015483485,28.729467347539128,19.06505315908792,9.258523916333075,37.049637253496,18.79205902050404,52.40254692830779,77428
2025-02,,,,,,,,,,,,,,,,,,,,,,,,,,,,,,,,,,,8.280538858422958,4.961549974751538,21.50284315258669,26.95491049278364,17.82289514503357,8.838901469215166,25.470283468099268,16.26170322298469,58.07328670093296,67147
2025-03,,,,,,,,,,,,,,,,,,,,,,,,,,,,,,,,,,,8.063110092952066,5.068396242269759,23.466743805449493,24.628754714661422,18.060274179064177,11.45644404855171,30.34141928936248,17.29787748175873,55.65327475524923,76633
2025-04,,,,,,,,,,,,,,,,,,,,,,,,,,,,,,,,,,,7.648525640375864,4.438153528833267,38.68534089483472,26.88498641035884,20.395129333894342,9.69370780969961,58.38758903192832,23.73334752141785,50.57634759823827,86326
2025-05,,,,,,,,,,,,,,,,,,,,,,,,,,,,,,,,,,,5.907068208772161,4.073088857579303,25.044687124663955,20.691930080308403,14.120912590508611,8.692945835435022,32.861045842480124,15.913096934249657,56.05659651728813,71473
2025-06,,,,,,,,,,,,,,,,,,,,,,,,,,,,,,,,,,,1.2082754705888317,1.5398990931512015,10.286779774496653,11.731658375302407,7.743706001670445,3.047897058350057,11.11419988012634,6.667487950526564,54.83345615974292,30373
2025-07,,,,,,,,,,,,,,,,,,,,,,,,,,,,,,,,,,,4.396723870536122,3.549771498461564,19.452847914240337,18.53493130535197,16.987044631026322,8.660749739748226,30.654046838975844,14.605159399762911,56.03810028366711,62358
2025-08,,,,,,,,,,,,,,,,,,,,,,,,,,,,,,,,,,,6.798576829898736,3.2639913447405493,17.705953919783088,37.73309856990426,17.62193934902882,10.248553858702069,30.752593278985703,17.732101021577602,60.02259732511113,64671
2025-09,,,,,,,,,,,,,,,,,,,,,,,,,,,,,,,,,,,11.238887818920864,3.322278316732355,18.003127069804034,21.853855374604255,14.986906473916568,8.050097124888653,24.476214640029703,14.56162383127092,57.31299172837591,60667
2025-10,,,,,,,,,,,,,,,,,,,,,,,,,,,,,,,,,,,6.960254629864273,3.265612624151448,18.5077011705738,20.87480844972709,12.650795345361376,7.338026808615675,24.6923549289767,13.469936279610051,52.325832275700144,59441
2025-11,,,,,,,,,,,,,,,,,,,,,,,,,,,,,,,,,,,3.1534773397666567,2.4654123763725018,18.943964967464527,16.0468634054455,8.693850124655393,5.280159692634607,25.33709868984714,11.41726094231233,53.003608328723786,49494
